blt,pretty,perfect,sandwich,,thing,need,explain,combination,crispy,salty,bacon,crunchy,lettuce,creamy,mayo,juicy,tomatoes,taste,good,together,component,,play,play,,,think,,,,,
travelers,tend,head,big,name,destinations,,venice,florence,rome,even,naples,visiting,italy,many,equally,beautiful,villages,european,country,largely,unknown,,among,italians,,,,,,,,
becomingly,increasingly,clear,abortion,ballot,abortion,rights,win,,lesson,week's,special,election,swing,district,new,york's,hudson,valley,pro,choice,democrat,,ryan,beat,republican,marc,molina,,,,,
fall,classics,bavaria,bavaria,cities,,buenos,aires,dozen,places,around,world,make,excellent,autumn,getaway,,,,,,,,,,,,,,,,,
tsuneko,sasamoto,pioneering,photographer,considered,japan's,first,female,photojournalist,swore,glass,red,wine,night,,keys,good,health,died,age,domestic,media,said,monday,,,,,,,,,
france,makes,world,best,wines,well,rated,can,still,nab,bargain,shop,wiselyif,,just,come,back,holiday,france,may,well,basking,glow,things,french,particularl,,,,,,,
comes,enjoying,decent,affordable,wines,budget,supermarket,brand,bottles,way,goco,op,irresistible,casablanca,valley,pinot,noir,casablanca,chile,co,op,rule,supermarket,thrift,many,us,seem,foll,,,,,
pleasing,punch,sweetened,chilled,wine,flavoured,basil,harbouring,chunks,ripe,delicious,peachstefano’s,legs,long,worried,,fit,small,narrow,table,reassured,,,,,,,,,,,,
,tried,trusted,favourites,,world,full,wine,varieties,trybarco,del,corneta,cucú,verdejo,castilla,,,spain,thesourcingtable.com,according,wine,grapes,jancis,robinson,julia,harding,,,,,,,
,make,money,go,home,service,provided,restaurant,suppliers,worth,checking,outfew,documents,offer,better,acute,insight,lives,means,rich,top,end,wine,list,hefty,tome,,,,,,,
looming,clmate,crisis,old,grape,vines,cope,better,drought,extreme,heat,younger,plants,taste,difference,old,vine,garnacha,calatayud,spain,sainsbury,winemakers,love,old,vines,many,reasons,love,,,,,
mellow,season,around,corner,thoughts,turn,,reds,pinot,noirsince,temperature,ranged,9c,29c,recent,break,uk,,going,foolish,enough,predict,weather,going,,,,,,,,,
juicy,smoky,reds,oaky,whites,best,bottles,crack,open,fire,bbqkanonkop,kadette,pinotage,stellenbosch,south,africa,waitrose,majestic.co.uk,judge,smells,wafting,around,street,,,,,,,,,,
ripe,tomatoes,treasured,tossed,bin,fact,riper,better,super,refreshing,cold,soupsalmorejo,soup,,similar,gazpacho,easier,make,just,delicious,tomatoes,become,tasty,riper,,,,,,,,,
putting,spritz,last,summer,barbecue,experiment,alternative,amaro,basethe,aperol,spritz,,successful,marketing,phenomena,modern,times,given,huge,publicity,push,six,years,ago,,,,world,,,,,
make,summer,produce,still,can,greengages,take,mackerel,another,level,peaches,soft,sell,pork,chops,runner,beansit,late,summer,comes,arguably,finest,produce,intensely,sweet,fruit,su,,,,,,
vampire,diaries,kat,graham,umbrella,,tom,hopper,star,passable,particularly,sizzling,rom ,com,set,veronathe,netflix,confection,love,villa,invokes,two,well,established,traditions,,general,rom,com,formula,,,
many,us,,question,daily,alcohol,use,hit,rock,bottom,,want,damaging,habit,got,sober,curious,many,millennials,grew,smallish,town,relationship,alcohol,came,barrelling,life,hard,fast,,,,
weather,war,energy,prices,put,supplies,severe,pressure,british,rhubarb,diy,dairy,simple,alternatives,fill,gapsi,known,frailty,uk,supply,chains,long,time,first,wrote,,,,,,,,
global,dating,special,amir,model,actor,meets,noa,creative,directorwhat,hoping,meet,someone,click,eat,good,food,fun,night,open,anything,whether,romantic,long,enjoy,,,,,,,,
cooks,catalonia,long,ingenious,way,using,stale,bread,tired,herbs,nutty,picada,thickening,soups,finishing,flourish,stewspicada,traditional,catalan,seasoning,made,pounding,together,stale,bread,garlic,pars,,,,,,
think,noodles,crunchy,veg,pasta,salad,make,dinner,keep,,eye,,lunch,got,culinary,dilemma,email,feast,theguardian.comwhat,makes,good,lunchbox,emily,croydonin,short,leftovers,want,avoid,turning,oven,,,
we’re,holiday,spain,,time,familiar,stroll,shop,buy,provisions,,familiar,thenmy,wife,wake,holiday,spain,four,people,aren,arriving,lunchtime,morning,ourselve,,,,,,,,,
harry,styles,high,end,lockdown,album,surprisingly,piece,longlisted,albums,artists,distinct,joy,crookes,gwennoit,perhaps,inevitable,many,records,born,last,couple,years,possess,certain,interiority,,,,,,,
roast,cauli,red,pepper,dressing,grape,salsa,sri,lankan,beetroot,curry,coconut,salsa,cajun,style,spiced,seafood,corn,stewi,love,time,year,summer,vegetables,tomatoes,peppers,grow,vine,still,,,,
marston,park,glampsite,canvas,budding,artists,offering,tents,light,garden,easels,guitars,live,music,setsthousands,tiny,spheres,light,swaying,midsummer,night,breeze,resemble,flowers,bright,little,bulbs,slend,,,,,
trio,make,ahead,starters,warm,flatbreads,sharp,tangy,pepper,dip,crisp,courgettes,drizzle,honey,hit,chilliwe,always,hunt,sharing,food,especially,love,selection,greek,meze,graze,drinks,,,,,,
sign,,sign,now,sign,now,sign,now,phew,scorcher,,readers,,,frankly,unpatriotic,heat,,important,pall,conditioned,brits,remember,take,steps,stay,cool,means,going,work,dressed,,
grew,working,class,often,ask,eat,define,us,west,virginia,supper,club,asking,questionamy,dawson,grew,ashamed,family,ham.it,pink,huge,close,40lb,sat,kitchen,counter,wrapped,,,,,,
gastropubs,exceedingly,good,restauranten,route,recently,revamped,baring,islington,wondered,need,newer,better,word,gastropub,least,nobody,ever,,word,anyway,noughtie,,,,,,,,,,,
breakup,toxic,relationship,catalogued,powerful,elliptical,novel,,quite,pull,ambitious,experiment,,riley,forceful,debut,novel,begins,wife,filing,divorce,afraid,physical,safety,voice,mediated,,,,,,,
veteran,stage,screen,actor,admired,comic,timing,best,known,keeping,appearances,last,summer,winethe,actor,josephine,tewson,died,aged,doughty,foot,soldier,comedy,ranks,gifted,performer,great,value,,,,,
internet,killing,high,street,,market,doll,house,pedal,car,make,nodding,cat,get,hands,retail,success,storyonce,upon,time,well,day,actually,monday,morning,,,,,,,,
new,ways,stop,drinking,flourished,pandemic,catering,women,feel,marginalized,abstinence,programone,victoria,smith,first,assignments,joining,sober,girls,guide,come,name,self,saboteur,,,,,,,,,
nothing,can,beat,really,good,local,restaurant,,west,dulwich,,beautywalter’s,park,hall,road,london,,snacks,starters,mains,desserts,wines,,whe,,,,,,,,,
robustly,spiced,kebab,shop,rotisserie,favourite,tricky,reproduce,home,,,impossible,long,stick,simple,rulesshawarma,arabic,word,thought,come,turkish,,meaning,rotate,spit,roast,,,,,,,
preserve,summer,fruit,veg,come,autumn,,still,enjoying,aubergines,confit,figs,giant,pancakes,watermelon,peppered,chickenpickling,salting,fermenting,curing,just,many,ways,humankind,learned,exte,,,,,,,
much,loved,quo,vadis,chef,reveals,long,awaited,recipe,book,packed,classic,dishes,easy,make,,family,dinnerwhen,jeremy,lee,,first,copy,new,cookbook,publishers,immediately,threw,,,,,
drawing,eclectic,mix,backgrounds,kaul,shares,three,joyfully,inauthentic,colourful,recipes,,,get,weekend,culture,lifestyle,email,,,asked,cultural,background,years,ago,probably,got,,,,,,
extract,former,editor,james,brown’s,memoir,remembers,chaotic,drug,fuelled,chaos,working,original,90s,lads,mag,interview,flew,close,sun,trainers,melted,get,,turn,fuck,,,,,,,
stunning,views,lakes,rivers,make,prettiest,places,enjoy,pint,maybe,stay,nighta,honey,stone,exterior,gives,way,beautiful,gardens,panoramic,views,river,avon,fringed,weeping,willows,impressive,rang,,,,,
part,global,romance,special,asked,five,people,living,britain,,really,,step,locals,,,britons,awkward,truth,dating,abroad,,,nobody,ever,makes,move,matter,drunk,arealice,,,
twenty,years,ago,bathtime,wouldn’t,much,fun,without,bart,barbie,darth,vader,story,golden,age,bath,toys,real,soap,operathere,tall,black,cabinet,london,filled,bottles,unblinking,eyes,,always,,,
shuko,oda,heads,brixton,west,african,fish,pickles,mary,ellen,mctague,eats,local,veg,stockport,top,chefs,tell,us,new,discoverieschosen,pamela,brunton,chef,co,owner,inver,cairndow,argyll,bute,,,
smash,open,piggy,bank,head,fallow,cooking,amazingly,inventivefallow,st,james,market,haymarket,london,,,snacks,small,plates,large,plates,desserts,wines,,dinner,fallow,,,,,,,
years,first,collection,recipes,chefs,sam,sam,clark,prove,brand,simple,north,african,spanish,cooking,,stayeveryone,loves,toast,toast,toast,moro,easy,new,cookbook,,,,,,,,
extract,new,book,beauty,columnist,shares,top,tips,create,perfect,cosy,sanctuary,power,blankets,save,paintseveral,years,ago,boyfriend,attended,hay,literary,festival,uncha,,,,,,,,,
tech,billionaires,buying,luxurious,bunkers,hiring,military,security,survive,societal,collapse,helped,create,,everything,unintended,consequencesas,humanist,writes,impact,digital,technology,,,,,,,,,,,
powers,diplomacy,tested,times,elizabeth,remembered,force,national,cohesion,elizabeth ii,,job,queen,imposed,ancient,constitution,required,qualification,,,,,,,,,,,,,,,
,welcome,september,fresh,desktop,wallpapers,designed,artists,designers,across,globe,come,versions,without,calendar,month,enjoy,,,,,,,,,,,,,,,,
days,proximity,harder,come,ever,even,employees,go,office,may,find,empty,populated,coworkers,barely,know,due,hoteling,hot,desk,arrangements,evidenced,employee,engagement,surveys,burnout,,,,,,,
move,,carts,home,coffee,station,stay,build,,favorite,modern,coffee,tools,accessories,,,,,,,,,,,,,,,,,,,
game,thrones,lord,rings,witcher,major,lore,pull,happens,try,expand,lore,video,games,,,,,,,,,,,,,,,,,,,
,,iraqi,man,discovering,writer,work,opened,world,beyond,islamic,orthodoxy,,,,,,,,,,,,,,,,,,,,,
welcome,cut,em,loose,era,human,relationships,,,,,,,,,,,,,,,,,,,,,,,,,,
finalist,book,review,contest,,,,,,,,,,,,,,,,,,,,,,,,,,,,,
peter,gelderloos,anarchy,works,anarchy,works,originally,published,little,black,cart,can,found,book,form,,,,,,,,,,,,,,,,,,
incidence,early,onset,forms,many,cancers,defined,cancers,diagnosed,individuals,years,age,increased,number,countries,past,several,decades,underlying,reasons,apparent,increase,probably,include,greater,,,,,,,,
living,fringe,environment,three,late,roman,settlements,kharga,oasis,egypt's,western,desert,,,,,,,,,,,,,,,,,,,,,
fill,homemade,pizza,dough,diced,italian,meats,cheeses,pickled,peppers,bake,crusty,golden,alongside,spicy,red,wine,vinaigrette,twist,deli,classic,,,,,,,,,,,,
machine,washable,rug,brand,brought,whole,herd,80s,faux,zebra,print,rugs,cowhides,look,,real,deal,,,,,,,,,,,,,,,,
floating,fall,whipped,cream,sunscreen,clarks,,moncler,carhartt,wip,collection,work,art,,,,,,,,,,,,,,,,,,,,
chic,earplugs,cult,fave,hokas,chainmail,bikinis,helped,vice,editors,survive,music,festivals,renn,faires,hot,august,days,,,,,,,,,,,,,,,
,expert,,want,,enjoying,learning,journey,,,approach,life,changed,since,pandemic,tell,us,comments,,,tipple,choice,always,wine,flat,sparkling,mates,,,,,,
,dabbled,world,really,big,ice,cubes,,even,know,cool,life,can,really,,,,,,,,,,,,,,,,,,,
week,snag,savings,dyson,vacuums,sleep,away,dust,bunnies,mood,lighting,car,saatva,mattresses,,,,,,,,,,,,,,,,,,,
know,hot,people,saving,planet,stock,bathroom,bidet,bamboo,tp,even,eco,friendly,floss,,,,,,,,,,,,,,,,,,,
,pored,best,best,sellers,sickest,mushroom,lamps,leather,couches,sexy,bed,frames,worthy,coin,,,,,,,,,,,,,,,,,,
imagine,going,company,special,dinner,want,,tasty,impressive,difficult,make,really,good,lasagna,work,perfectly,dice,,medium,onion,,butter,,,,,,,,,,,
craving,pinot,noir,,got,good,taste,,popular,red,wines,pinot,noir,dry,acidic,elegant,flavor,solidified,top,favorite,wine,enthusiasts,world,,put,together,ultimate,guide,,,,,
scanning,wine,list,italian,restaurant,might,pick,chianti,strictly,familiarity,especially,,new,wine,,probably,wandered,past,dozen,bottles,labeled,chianti,local,wine,shop,may,remember,,,,,,
,point,pirates,caribbean,star,reportedly,spending,million,month,bills,going,toward,wine,,,,,,,,,,,,,,,,,,,,
,special,excitement,happens,around,kitchn,news,product,launch,reaches,ears,,brand,know,love,,even,thrilled,know,new,features,colorways,products,rolling,case,,,,,,,,
tested,eight,stemless,wine,glasses,find,,use,serving,wine,cocktails,,,,,,,,,,,,,,,,,,,,,,
wine,expert,covers,decanter,basics,buy,plus,go,,bother,wine,decanter,,,,,,,,,,,,,,,,,,,,,
week,saw,first,promise,tomato,season,brightly,colored,cherry,specimens,brought,home,local,market,well,standard,varieties,gascony,visiting,friend,kate,hill,photographer,friend,tim,,,,,,,,
three,natural,compounds,present,foods,,green,tea,olive,oil,red,wine,promising,candidates,development,drugs,coronavirus,comprehensive,screening,large,library,natural,substances,desy's,,ray,source,petra,,,,,
next,month,marks,six,years,since,angelina,jolie,filed,divorce,brad,pitt,shares,six,children,legal,proceedings,surrounding,divorce,gored,bitter,child,custody,woes,arguably,petty,dispute,shared,,,,,
free,day,flexible,weight,loss,meal,plan,including,breakfast,lunch,dinner,ideas,shopping,list,recipes,include,macros,,ww,recipe,builder,get,personal,points,day,healthy,meal,plan,,believe,almost,labor,day
epic,games,store,,give,away,free,games,week,three,years,digital,storefront,launched,awesome,weekly,freebies,program,epic,confirmed,free,games,program,,least,end,,,,,,,
welcome,,weekly,picks,must,watch,shows,,need,watch,sunday,august,thursday,september,times,eastern,note,weekend,edition,,drops,fridays,read,,,,,,,,,,
honor,national,dog,day,krispy,kreme,selling,dog,treats,shaped,,classic,doughnuts,,,,,,,,,,,,,,,,,,,,
easy,garden,tortellini,salad,perfect,bbq,side,dish,made,three,cheese,cheese,tortellini,pasta,summer,tomatoes,broccoli,florets,black,olives,tortellini,salad,love,chilled,tortellini,salad,summer,,simple,side,dish,,
free,day,flexible,weight,loss,meal,plan,including,breakfast,lunch,dinner,ideas,shopping,list,recipes,include,macros,,ww,recipe,builder,get,personal,points,day,healthy,meal,plan,,trying,hang,every,drop
megan,thee,stallion,started,teasing,next,album,mere,days,ago,,rapper,revealed,album,titled,traumazine,drop,tonight,midnight,surprise,read,,,,,,,,,,,,
invitation,opens,classic,scenario,lightning,illuminating,gothic,mansion,thunderclaps,roar,gaunt,woman,lit,candlelight,prepares,launch,second,floor,banister,shadows,seem,whispering,,something,eeri,,,,,,,,
kid,thing,preventing,complete,despair,end,summer,vacation,happened,coincide,peak,corn,tomato,season,,,five,things,corn,tomatoes,,,cup,jo,,,,,,,,,
today,,,introduce,favorite,non,alcoholic,drink,fruity,tangy,vibrant,shrub,shrubs,drinking,vinegars,though,lots,great,,market,right,,upmountain,weathertop,recent,wins,satisfy,,,,,,
several,northern,constellations,southern,counterparts,learn,stories,behind,constellations,corona,borealis,corona,australis,stars,within,,,,,,,,,,,,,,,,,,
,reporter,two,trains,fifteen,amtrak,breakfast,snack,sandwich,salad,offerings,new,menu,,,,,,,,,,,,,,,,,,,,
insults,hbo's,game,thrones,endless,recount,best,insults,along,commentary,video,clips,show,,,house,dragon,,,,,,,,,,,,,,,,
second,album,rap,superstar,comes,just,right,balance,slick,bops,searing,confessionals,,,,,,,,,,,,,,,,,,,,,
professional,whitening,can,expensive,good,home,whitening,kit,comes,,,,,,,,,,,,,,,,,,,,,,,,
new,album,biggest,mystery,music,world,,,lingering,questions,keep,us,finally,comes,october,,,,,,,,,,,,,,,,,,
people,look,forward,autumn,multi,colored,foliage,hayrides,apple,picking,cider,samplings,others,anticipate,different,kind,fall,fruit,picking,great,grape,harvests,transform,humble,fruit,prized,wines,get,enjoy,,,,
vacations,france,often,mean,weekend,jaunt,paris,glamorous,sunshine,holiday,cannes,however,,much,country,eiffel,tower,french,riviera,since,france,lifted,covid,restrictions,international,trave,,,,,,,
moment,audience,saw,diane,keaton,kitchen,iconic,film,,gotta,give,aesthetic,born,earth,tones,double,islands,kitchen,beachfront,property,location,made,space,practically,third,star,,,,,,,
,many,travelers,epic,plans,summer,mapped,highly,anticipated,multigenerational,family,trip,canada,parents,kids,june,big,trip,let,us,tick,several,bucket,list,destinations,,,,,,,,
cruising,hawaiian,islands,offers,u.s,travelers,immersive,south,pacific,escape,comforts,home,fact,50th,state,many,ways,ideal,cruise,destination,year,round,sunny,weather,four,main,islands,featuring,varied,topog,,,
interesting,hotels,,stayed,innovative,updates,existing,structures,previous,lives,imposing,hotel,katajanokka,helsinki,served,city,main,prison,murray,hong,kong,,,,,,,,,,,,
sometimes,can,feel,,need,know,sort,secret,handshake,maximize,visit,disney,world,purchase,ticket,make,theme,park,reservation,navigate,disney,app,skip,lines,genie,join,,,,,,,
born,raised,jersey,girl,long,history,asbury,park,,visited,beach,town,made,famous,bruce,springsteen,since,child,intent,taking,spin,indoor,carousel,,defunct,came,back,teen,rock,scene,,,
sun,just,gone,negev,desert,began,write,story,stunning,couple,days,six,senses,shaharut,southern,israel,strong,breeze,room,terrace,cut,heat,day,providing,relaxing,backdrop,,,,,,,
lucy,danny,devito,antichrist,satan,,series,family,affair,core,familiar,fault,,,,,,,,,,,,,,,,,,,,,
filmmaker,tells,indiewire,crafting,ultimate,confrontation,expectation,versus,reality,alison,brie,aubrey,plaza,two,hander,,,,,,,,,,,,,,,,,,
done,night,city,quite,yet,news,share,cyberpunk,cd,projekt,red,airing,new,night,city,wire,cyberpunk,update,stream,september,new,night,city,wire,air,cd,projekt,red's,twitch,channel,,,
popularity,african,dishes,rises,around,world,conversation,focused,appearance,spiciness,recipes,intensely,ownership,appropriation,barely,came,about.read,,,,,,,,,,,,,,,,
top,stories,transfer,rumours,friday's,national,newspapers,,,,,,,,,,,,,,,,,,,,,,,,,,
red,wine,goes,meat,white,wine,goes,fish,port,goes,stilton,never,drink,wine,eating,artichokes,rules,pair,wine,food,solid,chemical,underpinnings,many,others,,,,,,,,
fork,tender,lamb,shanks,make,impressive,hearty,supper,can,cooked,minimum,fuss,plus,dish,gluten,free,paleo,keto,compatible,blustery,nights,teeth,chattering,things,m,,,,,,,,
west's,important,water,supply,drying,soon,life,million,change,third,column,7th,story,,related,stories:usa,endures,amid,summer,record,books,nyc,carriage,horse,collapses,hot,street,wildfire,,,,,
astoundingly,easy,dairy,free,caesar,dressing,tastes,just,,original,creamy,tangy,garlicky,bursting,umami,make,guarantee,you’ll,want,spoon,everything,missing,crisp,deliciou,,,,,,,,,
hello,gentle,readers,welcome,switcharcade,round,september,5th,,article,,got,assortment,,,switcharcade,round,reviews,featuring,ooblets,aquadine,plus,latest,releases,sales,,,,,,,,
willing,put,work,,,,,,,,,,,,,,,,,,,,,,,,,,,,,,
mediterranean,pasta,salad,recipe,bursting,fresh,flavor,mix,batch,easy,side,dish,couple,cooks,recipes,worth,repeating,,,,,,,,,,,,,,,,
shrub,drink,simple,refreshing,beverage,made,vinegar,fruit,drink,cocktail,mocktail,couple,cooks,recipes,worth,repeating,,,,,,,,,,,,,,,,,
film,premiere,headlines,spilling,trio,fests,full,swing,venice,just,starting,telluride,queued,toronto,indie,exhibitors,distributors,hopeful,since,covid,hit,stream,new,films,fire,arthouse,,,,,,,
night,betrayed,lord,jesus,wanted,give,people,sign,covenant,love,god,assured,noah,rainbow,lifted,abraham,eyes,stars,sanctified,sabbath,israel,,jesus,wanted,give,,,,,,,,
zucchini,boat,bolognese,excellent,weeknight,meal,it’s,super,delicious,zucchini,brushed,garlic,butter,filled,bolognese,topped,cheese,baked,melty,warm,golden,delish,,zucchini,boat,season,okay,,,,,,
love,pesto,risotto,stuffed,peppers,creamy,parmesan,risotto,laced,classic,basil,pesto,stuffed,sweet,bell,peppers,roasted,perfect,cozy,comforting,summer,food,stuffed,summer,peppers,cheesy,herby,,,,,,
pesto,melt,chicken,super,simple,weeknight,meal,marinated,chicken,seared,golden,topped,pesto,baked,mozzarella,cheese,delicious,easy,super,easy,late,summer,dinner,basil,pesto,use,,,,,,,
black,hat,usa,conference's,silver,jubilee,opportunity,remember,defining,moments,impact,made,security,community,legacy,,,,,,,,,,,,,,,,,,
monterey,car,week,upon,us,auction,cluster,provides,large,part,show,week,long,automotive,celebration,shaping,biggest,history,,automotive,transporttags,ferrari,bentley,mclaren,,,,,,,,,
brilliant,free,3d,models,save,time,next,design,project,,,,,,,,,,,,,,,,,,,,,,,,
,best,meals,vacation,recently,food,truck,hanalei,kauai,normally,,opt,meatless,veggie,wrap,little,sign,said,beef,sold,day,decided,try,since,already,,,,,,,,
comes,best,nyc,neighborhoods,food,,hard,beat,east,village,culinary,mecca,slurp,worthy,ramen,experimental,tasting,menus,bohemian,cafes,bottomless,brunches,,,,,,,,,,,
big,nights,tv,biggest,night,tonight,first,two,creative,arts,emmy,ceremonies,second,set,sunday,deadline,updating,winners,live,,announced,microsoft,theater,los,angeles,,,,,,,,
total,scrumptious,thali,comprised,dishes,among,things,,,,,,,,,,,,,,,,,,,,,,,,,,
,thing,can,sure,watching,new,horror,movie,idea,comes,next,aurora,amidon,reviews,barbarian,,,,,,,,,,,,,,,,,,
bruno,ferrin,first,set,foot,poplar,forest,hill,near,treviso,italy,knew,found,good,spot,looking,way,work,spare,time,says,thought,open,casual,food,stand,woods,fifty,,,,,
evening,august,cars,halted,front,century,plaza,hotel,los,angeles,began,dispelling,occupants,mega,stars,hollywood,golden,age,diplomats,dozens,countries,former,future,american,presidents,,,,,,,,
habits,age,skin,avoid,want,look,younger,longer,consider,guide,look,younger,,,,,,,,,,,,,,,,,,,,,
many,people,give,outdoor,furniture,pillows,pads,rugs,good,cleaning,spring,late,summer,early,fall,also,opportune,times,sprucing,things,,sparkle,can,enjoy,rest,season,end,,,,,,
keen,daily,,including,floods,pakistan,freezing,brits,tech,sanctions,china,price,caps,russia,cyber,attacks,cyber,surveillance,artillery,shells,messages,gamers,,,,,,,,,,,
lambert,strether,corrente,naked,capitalism,fundraising,week,donors,already,invested,efforts,combat,corruption,predatory,conduct,particularly,financial,realm,please,join,,participate,via,donation,page,,,,,,,,
today's,water,cooler,,,,,,,,,,,,,,,,,,,,,,,,,,,,,,
airbnbs,pools,superfluous,vacation,option,potentially,necessary,,next,mental,health,break,top,picks,,,,,,,,,,,,,,,,,,,
author,new,novel,explores,global,events,shape,individual,lives,nothing,prepared,dark,moment,got,question,,,,,holiday,remote,coast,north,west,scotland,heard,news,,,,,,
sol,lewitt,never,met,emily,kame,kngwarreye,began,painting,80s,blown,away,work,new,agnsw,show,celebrates,,,,,get,weekend,culture,lifestyle,email,,,,20th,century,pioneers,
food,novel,reflected,transitional,time,american,cuisine,cooking,cans,still,respectable,scratch,movement,embryonic,stages,,,,,,,,,,,,,,,,,,
comes,pairing,hamburgers,wine,hit,sort,highlight,long,ago,red,wine,week,new,limited,production,napa,valley,producer,simon,family,estate,,,,,,,,,,,,
last,stretch,four,hour,drive,denver,meanders,earthy,red,rock,canyon,walls,western,slope,,find,peach,stands,wineries,also,new,riverfront,park,epic,mountain,biking,scenic,hikes,,,,,
quinta,crasto,douro,portugal,blend,tinta,roriz,touriga,franca,touriga,nacional,tinta,barroca,strehn,blaufrankish,burgenland,austria,weingut,strehn,located,deutschkreutz,mittelburgenland,also,called,,,,,,,,,
italian,wine,industry,largely,defined,indigenous,varietals,country,important,wines,distinctiveness,,,,,,,,,,,,,,,,,,,,,,
wine,produced,twenty,regions,italy,thousands,producers,growing,hundreds,varietals,,wonder,many,italian,wines,relatively,unknown,,,,,,,,,,,,,,,,
australia,may,famous,big,reds,,cool,region,coonawarra,balance,key,word,john,riddoch,cabernet,sauvignon,pioneer,winery,wynns,released,,place,,bordeaux,september,,non,bordeaux,,,,,
house,dragon,prequel,game,thrones,coming,hbo,hbo,max,august,accompanying,wines,available,,,,,,,,,,,,,,,,,,,,
italian,wine,region,nicknamed,greenest,region,europe,proudly,preserves,things,lost,parts,world,,,,,,,,,,,,,,,,,,,,
probably,new,many,people,centuries,winegrowing,heritage,makes,interesting,discovery,glancing,prices,bottles,online,affordable,options,around,,,,,,,,,,,,,,,,
wine,made,grapes,probably,never,heard,owner,speaks,tuscan,vine,germplasm,avignonesi,ancestor,vision,ultra,current,,,,,,,,,,,,,,,,,
wine,tastings,group,fun,engaging,experiences,tastings,organized,budget,however,present,set,challenges,three,guiding,principles,get,right,,,,,,,,,,,,,,,
door,county,cherries,make,festive,appearance,around,peninsula,form,wine,cider,beer,cocktails,,,,,,,,,,,,,,,,,,,,
,presenting,new,lazio,today,say,carla,francesco,trimani,regional,line,family,wine,bar,day,especially,representative,hot,dry,months,capital,city,rome,historic,trimani,wine,merchant,family,,,,,
,heard,jokes,book,clubs,wine,,usually,lot,latter,sometimes,beverage,overshadows,books,,happened,book,club,whole,level,,,,,,,,,,,,,
,vintners,embraced,barbera,d’asti,various,forms,stefano,gagliardo,,,,,,,,,,,,,,,,,,,,,,,,
magical,afternoon,downtown,manhattan,hosted,super,tuscan,wine,producer,ornellaia,bringing,tuscany,new,york,city,,,,,,,,,,,,,,,,,,
suzanne,deal,booth,ordinary,art,collector,new,wine,project,bella,oaks,cabernet,sauvignon,typical,napa,cab,,,,,,,,,,,,,,,,,
story,ace,sleeve,hosting,tasting,white,wines,budget,story,compensate,bad,wine,add,flavor,experience,three,recommended,bottles,,,,,,,,,,,,,,,
interested,unique,approachable,italian,wines,rosato,trasimeno,appealing,option,,,,,,,,,,,,,,,,,,,,,,,,
golden,colorado,historic,mountain,town,full,wild,wild,west,charm,,home,tons,outdoor,adventure,coors,brewery,largest,single,sit,brewery,world,right,road,famous,red,rocks,park,amphitheater,,,,
less,well,known,story,helen,bacigalupi,sold,tons,sonoma,chardonnay,grapes,winemaker,mike,grgich,used,craft,part,legendary,chateau,montelena,chardonnay,won,first,place,white,wine,judgmen,,,,,,
thankfully,dozens,producers,golden,state,take,sauvignon,blanc,seriously,craft,excellent,wines,precious,aim,make,wines,grape,can,rank,best,examples,around,,,,,,,,,,,
fitou,wines,languedoc,often,high,percentage,carignan,exciting,grape,variety,seeing,renaissance,popularity,,loved,many,often,blended,grenache,syrah,make,delicious,wines,fitou,,,,,,,,,
sometimes,even,including,suez,canal,transit,new,windstar,cruises,bring,maximum,guests,ports,red,sea,persian,gulf,,,,,,,,,,,,,,,,
yet,ways,americans,mark,traditional,end,summer,,yet,aspect,next,three,days,,can,agree,drinking,well,,,,,,,,,,,,,,,
spain,memorable,extraordinary,wines,taste,pedro,,montilla,moriles,bodegas,toro,albalá,leads,way,,,,,,,,,,,,,,,,,,,
group,nine,winemakers,austria,vulkanland,steiermark,organized,future,based,ancient,soil,modern,skills,,,,,,,,,,,,,,,,,,,,
classic,napa,valley,peter,heitz,winemaker,turnbull,winery,oakville,believes,finest,vintage,napa,since,possible,exception,,,,,,,,,,,,,,,,,
andrea,ballerini,one,italian,riviera,dynamic,restaurateurs,features,tabarchine,cuisine,unique,cooking,style,blends,ligurian,tunisian,sardinian,flavors,addition,old,time,genoa,favorites,restaurants,classes,,,,,,,,
argentina's,trapiche,winery,kept,forefront,industry,innovating,keeping,prices,moderate,,,,,,,,,,,,,,,,,,,,,,,
seeing,glow,worms,light,sea,caves,new,zealand,floating,hot,tub,hudson,river,boating,experiences,every,traveler's,bucket,list,,,,,,,,,,,,,,
earlier,month,lusk,opened,reimagined,concept,replaced,old,prix,fixe,menus,favor,shareable,tapas,style,dishes,dining,experience,remains,polished,added,accessibility,everything,,,,,,,,,,
mayflower,inn,spa,auberge,resorts,collection,already,popular,bucolic,retreat,connecticut's,litchfield,hills,two,hours,new,york,exciting,new,chef,menus,created,even,reason,,,,,,,,,
located,corner,madison,avenue,east,29th,street,manhattan,james,new,york,nomad,hotel,storied,intriguing,past,,,,,,,,,,,,,,,,,
finishing,scotch,secondary,barrel,held,something,else,,sherry,port,rum,allows,whisky,makers,add,layers,flavor,,,,,,,,,,,,,,,,
may,want,steer,clear,flight,cancellations,delays,road,trip,may,preferable,way,travel,andrew,collins,veteran,travel,writer,editor,recently,released,ultimate,road,trips,usa,canada,shares,,recommendations,,,,
live,music,venue,bar,restaurant,something,everyone,,,,,,,,,,,,,,,,,,,,,,,,,,
pizza,good,vibes,,,,,,,,,,,,,,,,,,,,,,,,,,,,,,
destination,drinking,dining,demands,attention,swish,one,year,old,hotel,pendry,manhattan,west,,,,,,,,,,,,,,,,,,,,
eyes,short,story,ian,fleming,one,five,collection,entitled,view,kill,also,name,one,stories,along,quantum,silence,risico,hildebrand,rarity,,,,,,,,,,,,
,gentrified,boutiques,large,restaurants,former,meatpacking,distict,new,york,,sophisticated,dining,venue,mollusca,,,,,,,,,,,,,,,,,,
catch,movie,kitted,classic,car,rustic,yet,refined,campground,southern,utah,,,,,,,,,,,,,,,,,,,,,,
find,recipe,odette,williams,new,cookbook,simple,pasta,,,,,,,,,,,,,,,,,,,,,,,,,
square,foot,tin,building,new,york's,seaport,district,showcases,bounty,gourmet,culinary,items,along,international,restaurants,uptown,harry's,table,cipriani,putting,best,italian,cuisine,display,,,,,,,,
want,avoid,vacation,rental,nightmare,probably,considered,travel,insurance,need,know,,,,,,,,,,,,,,,,,,,,,,
total,whiskeys,won,best,class,awards,winners,eclectic,mix,ranged,well,known,industry,stalwarts,surprising,number,craft,distillers,several,outside,,top,prize,best,show,whiskey,went,,,,,,
bohemian,boutique,hotel,residence,,mansion,picks,best,hotels,new,orleans,,,,,,,,,,,,,,,,,,,,,,
macon,might,best,known,home,southern,rock,soul,it’s,otis,redding,allman,brothers,launched,careers,there’s,central,georgia,city,deep,musical,roots,,,,,,,,,,,
character,actor,john,o'hurley,loves,four,seasons,hotels,play,enough,golf,pebble,beach,soon,host,new,tv,show,vineyards,around,world,,,,,,,,,,,,
new york,,city,original,neighborhood,seaport,maritime,hub,history,located,along,east,river,lower,manhattan,iconic,waterfront,views,brooklyn,bridge,city,skyline,,,,,,,,,,,
searching,majestic,mansion,still,showcases,1920s,history,modernized,gem,weston,connecticut,,,,,,,,,,,,,,,,,,,,,,
want,see,bruce,springsteen,next,year,concerts,sold,notch,enough,hotel,stays,can,see,free,v.i.p,perks,,,,,,,,,,,,,,,,
eating,istanbul,never,exciting,,,,,,,,,,,,,,,,,,,,,,,,,,,,,
providence,ri,reno,tahoe,nv,domestic,getaways,serving,world,class,art,cuisine,scenery,without,hassle,international,trip,,,,,,,,,,,,,,,,
international,siena,photo,awards,released,spectacular,winners,prestigious,aerial,competition,,,,,,,,,,,,,,,,,,,,,,,
exclusively,forbes,talk,range,different,beauty,brands,roots,different,corners,world,inspired,home,town,cultures,ancient,art,beauty,destinations,derive,,,,,,,,,,,,,
,take,quick,trip,whidbey,island,short,ferry,ride,seattle,suburb,world,away,busy,city,,,,,,,,,,,,,,,,,,
national,rum,day,comes,around,every,august,since,rum,spirt,tropics,summer,perfect,time,,something,new,something,sustainably,made,,,,,,,,,,,,,
people,wanted,get,attention,reach,sam,short,recalls,highs,lows,entering,industry,surrealist,tale,,,,,,,,,,,,,,,,,,,
new,getaway,offers,everything,sizzling,pools,,try,agave,tastings,,,,,,,,,,,,,,,,,,,,,,,
essential,guide,spanish,capital,high,end,hotel,renaissance,,,,,,,,,,,,,,,,,,,,,,,,,
amidst,misery,world,live,paris,based,algerian,artist,rachid,,believes,art,power,enact,change,symbol,hope,,,,,,,,,,,,,,,,
prima,ultima,diageo,annual,release,rare,whiskies,extensive,inventory,third,year,europe,program,debut,year,united,states,upcoming,release,scheduled,november,showcases,diageo,rarest,whiski,,,,,,,,
hospitality's,fastest,growing,new,luxury,brand,method,co,quietly,scaling,radar,since,change,city,near,,,,,,,,,,,,,,,,,,
month,august,phoronix,original,news,stories,linux,hardware,reviews,benchmark,articles,written,your's,truly,look,back,excited,linux,open,source,readers,month,,,,,,,,,,,
comes,wine,generally,prefer,single,varietals,blends,changed,harvey,harriet,created,eric,jensen,booker,vineyards,honor,parents,bordeaux,red,blend,world,class,wine,without,exorbitant,price,tag,,,,,,
stephen,nixon,recently,noticed,beautiful,spotted,lanternfly,bag,skateboarded,brooklyn,heeded,request,city,officials,stomped,,,killing,things,,,,,,,,,,,,,,
hi,welcome,favorite,holiday,weekend,year,that’s,right,pals,,finally,labor,day,mean,,three,day,weekend,celebrates,working,class,,first,federal,holiday,since,july,,,,,,
since,death,ephron,become,symbol,sappy,romance,rachel,syme,writes,,real,subject,words,bring,people,together,drive,apart,,,,,,,,,,,,,,
listen,new,songs,sudan,archives,,okay,kaya,brian,eno,kate,bollinger,loraine,james,flogging,molly,pink,siifu,real,bad,man,ging,fka,frank,dukes,gillian,carter,brutus,candy,apple,,,
profusion,politicians,executives,superstar,athletes,cherry,hills,village,,ranks,amongst,wealthiest,towns,america,,,,,,,,,,,,,,,,,,,
house,dragon,gets,bloody,gut,wrenching,start,first,episode,setting,stage,fire,blood,come,,,,,,,,,,,,,,,,,,,
millennial,experience,attending,endless,weddings,turned,black,comic,murder,mystery,marriage,made,heaven,,,,,,,,,,,,,,,,,,,,
amal,clooney,brought,glitz,glamour,latest,look,sept,human,rights,lawyer,stepped,sparkly,style,husband,george,clooney,attend,ticket,,,,,,,,,,,,,,
actress,also,claimed,husband,lunged,one,children,forcing,physically,restrain,,,,,,,,,,,,,,,,,,,,,,,
podcast,transcript,california,wine,industry,,,radar,americans,didn’t,even,know,wine,produced,california,everyone,knew,without,doubt,greatest,wines,world,produced,,,,,,,,,,
cover,,steely,can,wine,started,joke,,full,steely,dan,inspired,company,began,selling,canned,wines,last,week,,,,,,,,,,,,,,
falmouth,couple's,business,imports,wine,czech,republic,cape,cod,times,,,,,,,,,,,,,,,,,,,,,,,
bayfield,,earth,perfection,elusive,difficult,attain,many,never,try,goal,simple,quest,complex,encounter,quest,,,,,,,,,,,,,,,,,
successful,business,family,thinks,still,lazy,loser,slate,,,,,,,,,,,,,,,,,,,,,,,,,
farmer,direct,foods,owners,upbeat,branded,opportunity,bakingbusiness.com,,,,,,,,,,,,,,,,,,,,,,,,,
questions,raised,effectiveness,oversight,covid,relief,program,awarded,billion,grants,thousands,businesses,,,,,,,,,,,,,,,,,,,,,
taste,vermont,returns,,capitol,15th,year,vermont,biz,,,,,,,,,,,,,,,,,,,,,,,,
climate,change,see,uk,usurping,major,wine,growing,regions,champagne,burgundy,france,new,study,says,,,,,,,,,,,,,,,,,,
six,year,hiatus,britney,spears,made,musical,comeback,friday,release,hold,closer,collaboration,elton,john,,,,,,,,,,,,,,,,,,
hulu,,patient,dares,expose,creepiest,community,lurking,society,walk,amongst,,fiends,ravenous,fulfill,unending,cravings,slurp,blood,steaks,red,wine,community,barbaric,,,,,,,,,
burak,cingi,getty,images,odds,megan,thee,stallion,readying,new,phase,messy,two,year,legal,battle,current,record,label,certified,entertainment,houston,rapper,soon,emancipated,,,,,,,,
beautiful,user,friendly,operating,systems,linux,distribution,china,called,deepin,dissatisfied,windows,macos,intrigued,linux,deepin,can,great,choice,highly,value,beauty,well,,,,,,,,,,
sel,healy,says,appalled,alberta,government,sent,husband,letter,june,saying,,included,new,public,teacher,registry,set,go,live,september,,,,,,,,,,,,
remember,airlines,pushed,messages,apps,announcements,flight,cleaned,sanitized,prior,boarding,just,months,ago,,,privilege,demand,clean,seat,airline,,,,,,,,,,,,
today,put,french,based,biotech,concern,genfit,,back,spotlight,first,time,year,half,read,know,gnft,stock,,,,,,,,,,,,,,,
household,net,worth,dropped,tn,largest,decline,since,read,,,,,,,,,,,,,,,,,,,,,,,,
harvest,started,mid,september,,happening,earlier,ever,mid,august,result,severe,drought,wine,industry's,adaptation,unpredictable,effects,climate,change,,,,,,,,,,,,,
new,entry,friederike,moltmann,august,natural,language,ontology,study,ontology,ontological,categories,structures,notions,implicit,natural,language,natural,language,ontology,part,descriptive,metaphysics,,,,,,,,,,
revised,entry,helen,de,cruz,september,changes,main,text,bibliography,relationship,religion,science,subject,,debate,philosophy,theology,extent,religion,science,compatible,,,,,,,,,,,
spanish,garlic,shrimp,serves,recipe,adapted,san,francisco,chronicle,cup,olive,oil,cloves,garlic,finely,minced,teaspoon,red,pepper,flakes,pound,medium,shrimp,peeled,deveined,tablespoons,lemon,juice,tablespoons,dry,sherry,teaspo,
enjoy,culinary,delights,honoring,hispanic,latin,american,heritage,month,walt,disney,world,resort,disneyland,resort,,,,,,,,,,,,,,,,,,
available,september,october,disneyland,resort,see,eats,sips,,want,treat,bag,,,,,,,,,,,,,,,,,,,,,
lands,bordeaux,france,famous,wine,area,ways,look,ever,year,something,different,one,world’s,famous,wine,producing,areas,harvest,started,middle,september,,happening,earlie,,,,,,,,
grilled,skirt,steak,salad,grilled,skirt,steak,salad,fresh,peaches,creamy,burrata,one,favorite,things,serve,guests,summer,,fresh,packed,much,flavor,super,satisfying,best,part,,easy,,,,
bad,sisters,creator,star,,help,,,,,,,,,,,,,,,,,,,,,,,,,,,
jolie,suing,agency,allegedly,withholding,records,investigation,brad,pitt,,,,,,,,,,,,,,,,,,,,,,,,
week,woman,keeps,going,new,guy,despite,better,judgment,discovers,common,thought,single,brooklyn,,,,,,,,,,,,,,,,,,,
pickled,red,onion,absolutely,love,quick,pickled,red,onions,actually,love,pretty,much,pickled,vegetables,pickled,red,onions,top,list,think,one,versatile,,easy,make,pack,delightfully,tan,,,,
editors,list,bold,bizarre,items,,stuffed,backpack,trip,woods,,whats,weirdest,thing,you’ve,ever,taken,backpacking,trip,,,outside,online,,,,,,,,,,
known,crown,continent,montana,park,contains,waterfalls,lakes,miles,trails,also,can,walk,glacier,,ultimate,guide,glacier,national,park,,,outside,online,,,,,,,,,
two,intertwined,stories,unpack,value,pitfalls,targaryens,trying,go,alone,,,,,,,,,,,,,,,,,,,,,,,
semi,detached,house,london's,affluent,st,john's,wood,owned,international,interior,designer,sale,,,,,,,,,,,,,,,,,,,,
monty,don,none,cannas,suffered,result,summer's,drought,one,grown,borders,watered,save,immediately,planting,,,,,,,,,,,,,,,,,,
seagrass,sisal,best,selling,materials,rugs,john,lewis,incorporate,natural,fibres,home,,,,,,,,,,,,,,,,,,,,,
kate,wills,opens,curating,five,star,wardrobe,rental,sites,speaks,dressing,luxe,gowns,made,feel,,trust,funder,,,,,,,,,,,,,,,
latest,european,drought,observatory,data,published,today,shows,total,sixty,four,percent,land,eu,united,kingdom,,drought,warning,alert,,,,,,,,,,,,,
jackie,malton,pictured,recounted,detail,female,officers,put,survive,job,including,humiliating,initiation,male,colleagues,,,,,,,,,,,,,,,,,,
guide,author,travis,elborough,atlas,vanishing,places,help,fascinating,maps,martin,brown,investigates,just,world,appears,today,looked,,,,,,,,,,,,,,,
duke,duchess,cambridge's,children,joined,co,educational,private,school,near,ascot,berkshire,couple,set,new,home,adelaide,cottage,windsor's,home,park,,,,,,,,,,,,
get,april,lockhart,shares,favorite,thrift,hacks,worn,pieces,home,decor,secrets,,,,,,,,,,,,,,,,,,,,,
excerpt,jill,bialosky’s,novel,deceptions,poet,academic,balances,marriage,betrayal,mythology,met,,,,,,,,,,,,,,,,,,,,,
breaking,group,chat,hard,,,,,,,,,,,,,,,,,,,,,,,,,,,,,
cold,noodles,refreshing,salads,,,,,,,,,,,,,,,,,,,,,,,,,,,,,
eight,years,making,restored,historic,tin,building,home,six,full,service,restaurants,six,fast,casual,spots,four,bars,lot,fancy,retail,,,,,,,,,,,,
essential,nigerian,restaurant,moved,,,,,,,,,,,,,,,,,,,,,,,,,,,,,
bec,sandwich,onion,soup,snails,dosas,,,,,,,,,,,,,,,,,,,,,,,,,,,
couple,glasses,wine,friend,recently,revealed,suffers,surely,called,penguinophobia,fear,penguins,theorized,perhaps,traumatized,child,danny,,iconic,portrayal,villain,oswald,co,,,,,,,,,,
,,kath,eats,central,virginia,known,wine,vineyards,wineries,charlottesville,recommend,tasting,picnic,music,events,nestled,foothills,blue,ridge,mountains,charlottesville,va,,,,,,,,,,
back,another,round,justin,rose,paso,robles,adjacent,wine,composed,mostly,syrah,knows,else,friendly,floral,forward,wine,departing,house,style,tends,heavier,red,berries,wit,,,,,,,
feudi,,san,gregorio's,campania,red,wines,well,known,white,wines,delight,well,made,native,varietals,rarely,seen,u.s,today,look,three,options,appropriate,late,summer,sipping,perhaps,time,,,,
wine,pinot,noir,hails,paso,robles,adjacent,areas,rose,form,,lots,fun,filled,strawberry,cream,orange,flower,water,exuberantly,fruity,wine,sweet,side,works,well,notes,coconut,lemon,,,,
second,ejbp,arrived,earlier,summer,clocking,just,hair,hotter,,proof,,know,drill,seasonally,released,year,old,bourbon,dive,toasty,overly,woody,nose,,,,,,,,,
comes,latest,home,trends,influencers,know,best,,job,,pulse,,fall,home,trends,,going,see,everywhere,season,according,influencers,,,everygirl,,,,,,,,
,made,article,agree,one,point,shopping,parents,hard,,even,harder,find,gifts,parents,,actually,enjoy,instead,putting,fake,smile,tucking,,,,,,,,,,
might,sneaker,ugly,sandals,kind,guy,days,times,just,need,whip,pair,fancier,dress,shoes,start,adulting,formal,events,,,,,,,,,,,,,,
men,notoriously,hard,shop,even,challenging,seem,everything,sun,,looking,best,gifts,men,everything,,alone,guide,something,,,,,,,,,,,,,,
daemon,gets,little,crabby,end,,house,dragon,impetuous,burst,violence,turns,good,news,conflict,stepstones,spectacularly,bad,news,crab,feeder,men,one,unfortunate,messe,,,,,,,,
cowboy,caviar,sometimes,called,texas,caviar,simple,dip,always,crowd,pleaser,fresh,colorful,delicious,similar,black,bean,salad,made,black,eyed,peas,vinaigrette,style,dressing,gives,,,,,,,
chickpea,salads,favorite,salads,go,,include,easy,chickpea,salad,chickpea,avocado,feta,salad,fall,chickpea,salad,roasted,cauliflower,chickpea,salad,also,really,love,greek,chickpea,salad,greek,flavors,,,,
jc,chasez,arguably,vocal,talent,members,nsync,velvety,pipes,always,outshined,justin,timberlake,high,pitched,warblin,back,,prime,justin,also,known,bleached,ramen,noodle,looking,hair,,,,,,
ann,arbor,informed,comment,new,king,england,despite,booster,green,energy,foe,climate,emergency,position,set,government,policy,climate,issues,unfortunately,prerogative,new,prime,minister,,,,,,,,
friends,wish,,never,met,rakish,young,italian,called,snake,,,,,,,,,,,,,,,,,,,,,,,
well,short,week,feel,went,extremely,fast,kids,school,rhythm,,feel,,officially,started,new,season,,routine,predictability,school,year,certainly,makes,,,,,,,,,
chem,commun,advance,articledoi,d2cc03052g,communication,open,access,nbsp,article,licensed,creative,commons,attribution,unported,licence.francesca,migliorini,elena,cini,elena,dreassi,federica,finetti,giovanni,ievoli,,,,,,,,
leonardo,dicaprio,rihanna,jay,,kim,kardashian,barack,obama,secretive,millionaires,,rich,powerful,simply,aware,places,exist,get,dinner,,thanks,man,,,,,,,,,,
since,inception,sex,dolls,targeted,toward,men,increasing,number,women,sharing,peaceful,intimacy,filled,lives,male,equivalents,,clear,,gap,market,,,,,,,,,,,
everything,ever,wanted,know,hatch,chile,cook,roast,enjoy,celebrated,green,chile,time,,,,,,,,,,,,,,,,,,,,
customer,really,surrendering,chef,,lot,trust,,,,,,,,,,,,,,,,,,,,,,,,,,
technically,people,called,,,horlogers,either,way,feel,free,scatter,ashes,gone,,,,,,,,,,,,,,,,,,,,
sonoma,tasting,rooms,best,place,newcomers,try,california,wine,best,places,schedule,tasting,,,,,,,,,,,,,,,,,,,,
stylish,unique,santa,barbara,boutique,,offer,personalized,stay,,pools,balconies,world,class,hotel,restaurants,,,,,,,,,,,,,,,,,